"name","gender","country_id","probability","count"
"Adrian",NA,"AL",NA,NA
"Anri",NA,"AL",NA,NA
"Bujar","male","AL","1",5
"Gjon",NA,"AL",NA,NA
"Adrián",NA,"AR",NA,NA
"Aida","female","AR","1",4
"Alda",NA,"AR",NA,NA
"Alejandro",NA,"AR",NA,NA
"Alfredo",NA,"AR",NA,NA
"Alicia",NA,"AR",NA,NA
"Ana","female","AR","0.53",15
"Antonio",NA,"AR",NA,NA
"Aquiles",NA,"AR",NA,NA
"Carlos","male","AR","1",1
"Cesar",NA,"AR",NA,NA
"Clara",NA,"AR",NA,NA
"César",NA,"AR",NA,NA
"Daniel",NA,"AR",NA,NA
"David","male","AR","1",1
"Demetrio",NA,"AR",NA,NA
"Diego",NA,"AR",NA,NA
"Edgardo",NA,"AR",NA,NA
"Eduardo",NA,"AR",NA,NA
"Emilio",NA,"AR",NA,NA
"Ernesto",NA,"AR",NA,NA
"Fabian","male","AR","1",1
"Fernando",NA,"AR",NA,NA
"Gaspar",NA,"AR",NA,NA
"González",NA,"AR",NA,NA
"Guillermo",NA,"AR",NA,NA
"Harry",NA,"AR",NA,NA
"Horacio",NA,"AR",NA,NA
"Hugo",NA,"AR",NA,NA
"Humberto",NA,"AR",NA,NA
"Lino",NA,"AR",NA,NA
"Lucio",NA,"AR",NA,NA
"Luis",NA,"AR",NA,NA
"Mabel",NA,"AR",NA,NA
"Marcelo",NA,"AR",NA,NA
"Maria","female","AR","1",1
"Mariano",NA,"AR",NA,NA
"Mario","male","AR","1",1
"Marta",NA,"AR",NA,NA
"Matías",NA,"AR",NA,NA
"Santiago",NA,"AR",NA,NA
"Sara","female","AR","1",41
"Silvia",NA,"AR",NA,NA
"Tomas","male","AR","1",1
"Victor","male","AR","1",1
"Victoria",NA,"AR",NA,NA
"Waldimiro",NA,"AR",NA,NA
"Ahmed",NA,"BA",NA,NA
"Antonio",NA,"BA",NA,NA
"Braco",NA,"BA",NA,NA
"Fehim",NA,"BA",NA,NA
"Maja","female","BA","1",1
"Pjer",NA,"BA",NA,NA
"Sejla",NA,"BA",NA,NA
"A",NA,"BE",NA,NA
"Adolphe",NA,"BE",NA,NA
"Agnès",NA,"BE",NA,NA
"Berlinde","female","BE","1",1
"Cami",NA,"BE",NA,NA
"Carsten",NA,"BE",NA,NA
"Ch",NA,"BE",NA,NA
"Christian",NA,"BE",NA,NA
"David","male","BE","1",7
"E",NA,"BE",NA,NA
"Edgard",NA,"BE",NA,NA
"Edith","female","BE","1",1
"Engel",NA,"BE",NA,NA
"Etiènne","male","BE","1",1
"Filip","male","BE","1",1
"Floris",NA,"BE",NA,NA
"Francis",NA,"BE",NA,NA
"Frank","male","BE","1",4
"Frans","male","BE","1",1
"George",NA,"BE",NA,NA
"Georges","male","BE","1",1
"Guy","male","BE","1",1
"Henri",NA,"BE",NA,NA
"Henry",NA,"BE",NA,NA
"Isabelle","female","BE","1",2
"Jacques","male","BE","1",1
"James",NA,"BE",NA,NA
"Jan","male","BE","1",18
"Jean","male","BE","1",1
"Jef","male","BE","1",1
"Joëlle",NA,"BE",NA,NA
"Jérôme","male","BE","1",1
"Karel","male","BE","1",1
"Koen","male","BE","1",18
"Laurence",NA,"BE",NA,NA
"Luc","male","BE","1",5
"Lucien",NA,"BE",NA,NA
"Léonard",NA,"BE",NA,NA
"Maarten","male","BE","1",3
"Marcel",NA,"BE",NA,NA
"Martine","female","BE","1",3
"Michaël","male","BE","1",8
"Michel","male","BE","1",5
"Narcisse",NA,"BE",NA,NA
"Octave",NA,"BE",NA,NA
"Oscar",NA,"BE",NA,NA
"Panamarenko",NA,"BE",NA,NA
"Patrick","male","BE","1",8
"Paul","male","BE","1",3
"Philippe",NA,"BE",NA,NA
"Pierre",NA,"BE",NA,NA
"Pol",NA,"BE",NA,NA
"Raoul",NA,"BE",NA,NA
"Reinhoud",NA,"BE",NA,NA
"René",NA,"BE",NA,NA
"Roger","male","BE","1",2
"Roél","male","BE","1",1
"Théo",NA,"BE",NA,NA
"Ulu",NA,"BE",NA,NA
"Victor",NA,"BE",NA,NA
"Xavier",NA,"BE",NA,NA
"Yves","male","BE","1",2
"Émile",NA,"BE",NA,NA
"Christo",NA,"BG",NA,NA
"Georges",NA,"BG",NA,NA
"Jules",NA,"BG",NA,NA
"Kamen","male","BG","1",3
"Luba",NA,"BG",NA,NA
"Luchezar","male","BG","1",1
"Nedko","male","BG","1",2
"Abraham",NA,"BR",NA,NA
"Adão","male","BR","1",4
"Alair","male","BR","1",1
"Alberto","male","BR","1",15
"Aldemir",NA,"BR",NA,NA
"Alex","male","BR","0.99",73
"Almir","male","BR","1",14
"Aloisio","male","BR","1",1
"André","male","BR","1",220
"Anna","female","BR","1",19
"Antonio","male","BR","1",72
"Antônio","male","BR","1",72
"Arthur","male","BR","1",40
"Aurino",NA,"BR",NA,NA
"Beatriz","female","BR","1",67
"Bruno","male","BR","1",180
"Cao",NA,"BR",NA,NA
"Carlos","male","BR","1",169
"Carmela","female","BR","1",1
"Carybé",NA,"BR",NA,NA
"Chico","male","BR","1",1
"Cildo",NA,"BR",NA,NA
"Cinthia","female","BR","1",8
"Cláudio","male","BR","1",56
"Cândido","male","BR","1",1
"Danilo","male","BR","1",55
"Eder","male","BR","1",24
"Edith",NA,"BR",NA,NA
"Eduardo","male","BR","1",160
"Efrain","male","BR","1",1
"Ernesto","male","BR","1",6
"Eryk",NA,"BR",NA,NA
"Evandro","male","BR","1",21
"Farnese",NA,"BR",NA,NA
"Fayga",NA,"BR",NA,NA
"Fernando","male","BR","1",147
"Flavio","male","BR","1",73
"Gaspar",NA,"BR",NA,NA
"Geraldo","male","BR","0.93",14
"Gilván","male","BR","1",13
"Gustavo","male","BR","1",110
"Heitor","male","BR","1",6
"Helena","female","BR","1",16
"Hermano",NA,"BR",NA,NA
"Hélio","male","BR","1",8
"Hércules","male","BR","1",2
"Instituto",NA,"BR",NA,NA
"Iran","male","BR","1",1
"Isabel","female","BR","1",48
"Ivan","male","BR","1",33
"Jac",NA,"BR",NA,NA
"Jarbes",NA,"BR",NA,NA
"Jessica","female","BR","0.98",89
"Jonathas","male","BR","1",3
"Jorge","male","BR","1",58
"José","male","BR","1",128
"João","male","BR","1",128
"Júlio","male","BR","1",31
"Kleber","male","BR","1",10
"Leonardo","male","BR","1",132
"Lygia",NA,"BR",NA,NA
"Lúcia","female","BR","1",29
"Marcelo","male","BR","1",181
"Marepe",NA,"BR",NA,NA
"Maria","female","BR","1",132
"Mario","male","BR","1",29
"Mary","female","BR","1",16
"Monteiro","male","BR","1",1
"Nair",NA,"BR",NA,NA
"Nelson","male","BR","1",18
"Neville",NA,"BR",NA,NA
"Oscar","male","BR","0.88",8
"Paulo","male","BR","1",168
"Rafael","male","BR","1",185
"Regina","female","BR","1",45
"Renato","male","BR","1",120
"Ricardo","male","BR","1",193
"Rivane",NA,"BR",NA,NA
"Roberto","male","BR","0.99",74
"Roland",NA,"BR",NA,NA
"Rossini",NA,"BR",NA,NA
"Rosângela","female","BR","0.98",53
"Ruth","female","BR","1",14
"Sebastião","male","BR","1",3
"Sérgio","male","BR","1",75
"Thiago","male","BR","1",137
"Tomas","male","BR","1",1
"Tunga",NA,"BR",NA,NA
"Valdir","male","BR","1",5
"Vera","female","BR","1",19
"Victor","male","BR","1",47
"Vik",NA,"BR",NA,NA
"Waldemar","male","BR","1",1
"Walter","male","BR","1",15
"Waltercio",NA,"BR",NA,NA
"Willys",NA,"BR",NA,NA
"Öyvind",NA,"BR",NA,NA
"Agnes",NA,"CA",NA,NA
"Akesuk",NA,"CA",NA,NA
"Alan",NA,"CA",NA,NA
"Alex","male","CA","0.98",82
"Alexander",NA,"CA",NA,NA
"Alistair",NA,"CA",NA,NA
"Allan",NA,"CA",NA,NA
"Angela",NA,"CA",NA,NA
"Anne","female","CA","1",10
"Ardele",NA,"CA",NA,NA
"Benita",NA,"CA",NA,NA
"Bernar",NA,"CA",NA,NA
"Betty","female","CA","1",1
"Bob","male","CA","0.67",3
"Brian","male","CA","1",1
"Bruce","male","CA","1",1
"Charles","male","CA","1",21
"Christian","male","CA","1",30
"Clara","female","CA","1",1
"Colin","male","CA","1",1
"Dalla",NA,"CA",NA,NA
"David","male","CA","1",48
"Deane",NA,"CA",NA,NA
"Deanna",NA,"CA",NA,NA
"Deli",NA,"CA",NA,NA
"Denis","male","CA","1",28
"Dennis",NA,"CA",NA,NA
"Dorothea",NA,"CA",NA,NA
"Doug",NA,"CA",NA,NA
"Edward",NA,"CA",NA,NA
"Elizabeth","female","CA","1",2
"Erin",NA,"CA",NA,NA
"Ernest",NA,"CA",NA,NA
"Evergon",NA,"CA",NA,NA
"Forbes",NA,"CA",NA,NA
"Frances",NA,"CA",NA,NA
"Francesca",NA,"CA",NA,NA
"Frank","male","CA","1",3
"François","male","CA","1",130
"General",NA,"CA",NA,NA
"George",NA,"CA",NA,NA
"Gordon",NA,"CA",NA,NA
"Graham",NA,"CA",NA,NA
"Greg","male","CA","1",2
"Guido",NA,"CA",NA,NA
"Guy","male","CA","1",24
"Hajra",NA,"CA",NA,NA
"Harold","male","CA","1",2
"Helga",NA,"CA",NA,NA
"Henry",NA,"CA",NA,NA
"Ian","male","CA","1",3
"Jack","male","CA","1",2
"Jackie",NA,"CA",NA,NA
"James","male","CA","1",4
"Jan",NA,"CA",NA,NA
"Janet","female","CA","1",4
"Janice","female","CA","1",1
"Jean","male","CA","1",67
"Jeanette",NA,"CA",NA,NA
"Jeff","male","CA","1",4
"Jeremy","male","CA","1",7
"Jessie","female","CA","1",14
"John","male","CA","0.75",4
"Jon","male","CA","1",1
"Joyce",NA,"CA",NA,NA
"Katerina",NA,"CA",NA,NA
"Kazuo",NA,"CA",NA,NA
"Ken",NA,"CA",NA,NA
"Kiawak",NA,"CA",NA,NA
"Lisa","female","CA","1",3
"Luc","male","CA","1",16
"Luktak",NA,"CA",NA,NA
"Marcel","male","CA","0.8",10
"Margaret",NA,"CA",NA,NA
"Marianna",NA,"CA",NA,NA
"Mark",NA,"CA",NA,NA
"Michael","male","CA","1",21
"Michel","male","CA","1",73
"Mimi",NA,"CA",NA,NA
"Moira",NA,"CA",NA,NA
"Moyra",NA,"CA",NA,NA
"Neil",NA,"CA",NA,NA
"Nelson","male","CA","1",3
"Niviaksiak",NA,"CA",NA,NA
"Noam",NA,"CA",NA,NA
"Norman",NA,"CA",NA,NA
"Paul","male","CA","1",8
"Pauta",NA,"CA",NA,NA
"Philip","male","CA","1",1
"Pierre","male","CA","1",58
"Pitseolak",NA,"CA",NA,NA
"Pootagook",NA,"CA",NA,NA
"Pudlo",NA,"CA",NA,NA
"R",NA,"CA",NA,NA
"Ralston",NA,"CA",NA,NA
"Raoul","male","CA","1",1
"Raphael","male","CA","1",6
"Reginald",NA,"CA",NA,NA
"Rhonda",NA,"CA",NA,NA
"Richard","male","CA","1",36
"Robert","male","CA","1",22
"Rodney",NA,"CA",NA,NA
"Roland","male","CA","1",2
"Roloff",NA,"CA",NA,NA
"Roy",NA,"CA",NA,NA
"Sam","male","CA","0.93",14
"Sandra","female","CA","1",19
"Scott","male","CA","1",1
"Sheldon",NA,"CA",NA,NA
"Stan",NA,"CA",NA,NA
"Stephen",NA,"CA",NA,NA
"Steve","male","CA","1",13
"Susan",NA,"CA",NA,NA
"Sydney",NA,"CA",NA,NA
"Tom","male","CA","1",1
"Toni",NA,"CA",NA,NA
"Tony","male","CA","1",2
"Ulysse",NA,"CA",NA,NA
"Vern",NA,"CA",NA,NA
"Wells",NA,"CA",NA,NA
"William","male","CA","1",23
"Xavier","male","CA","1",53
"Xiomara",NA,"CA",NA,NA
"Yousuf",NA,"CA",NA,NA
"Yves","male","CA","1",31
"Zacharias",NA,"CA",NA,NA
"Alfredo",NA,"CL",NA,NA
"Carlos",NA,"CL",NA,NA
"Catalina",NA,"CL",NA,NA
"Claudio","male","CL","1",1
"Cristóbal",NA,"CL",NA,NA
"Dinora",NA,"CL",NA,NA
"Eduardo",NA,"CL",NA,NA
"Enrique",NA,"CL",NA,NA
"Ernesto",NA,"CL",NA,NA
"Eugenio",NA,"CL",NA,NA
"Florencia",NA,"CL",NA,NA
"Francisco","male","CL","1",2
"German",NA,"CL",NA,NA
"Gloria",NA,"CL",NA,NA
"Gonzalo",NA,"CL",NA,NA
"Guillermo",NA,"CL",NA,NA
"Ivan",NA,"CL",NA,NA
"Juan",NA,"CL",NA,NA
"Juana",NA,"CL",NA,NA
"Julio","male","CL","1",1
"Klaudia",NA,"CL",NA,NA
"Lea",NA,"CL",NA,NA
"Marcela",NA,"CL",NA,NA
"Marco",NA,"CL",NA,NA
"Mario",NA,"CL",NA,NA
"Nemesio",NA,"CL",NA,NA
"Nestor",NA,"CL",NA,NA
"Pablo","male","CL","1",1
"Pedro","male","CL","1",1
"Raoul",NA,"CL",NA,NA
"Roberto",NA,"CL",NA,NA
"Rodolfo",NA,"CL",NA,NA
"Roser",NA,"CL",NA,NA
"Salvador",NA,"CL",NA,NA
"Santos",NA,"CL",NA,NA
"Sebastián","male","CL","1",7
"Sergio","male","CL","1",2
"Smiljan",NA,"CL",NA,NA
"Anibal",NA,"CO",NA,NA
"Augusto",NA,"CO",NA,NA
"Beatriz",NA,"CO",NA,NA
"Bernardo",NA,"CO",NA,NA
"Carlos","male","CO","1",2
"Doris",NA,"CO",NA,NA
"Eduardo","male","CO","1",1
"Enrique",NA,"CO",NA,NA
"Fernando","male","CO","1",1
"Gabriel",NA,"CO",NA,NA
"Giancarlo",NA,"CO",NA,NA
"Gloria",NA,"CO",NA,NA
"Gonzalo",NA,"CO",NA,NA
"Guillermo",NA,"CO",NA,NA
"Hernando",NA,"CO",NA,NA
"Johanna",NA,"CO",NA,NA
"José","male","CO","1",2
"Juan",NA,"CO",NA,NA
"Leo",NA,"CO",NA,NA
"Leonel",NA,"CO",NA,NA
"Luis",NA,"CO",NA,NA
"Maria","female","CO","1",3
"María","female","CO","1",3
"Mateo",NA,"CO",NA,NA
"Miguel","male","CO","1",1
"Nicolás",NA,"CO",NA,NA
"Omar","male","CO","1",1
"Oscar",NA,"CO",NA,NA
"Patricia",NA,"CO",NA,NA
"Phanor",NA,"CO",NA,NA
"Raimond",NA,"CO",NA,NA
"Sandra",NA,"CO",NA,NA
"Santiago","male","CO","1",3
"Umberto",NA,"CO",NA,NA
"Álvaro","male","CO","1",1
"Édgar",NA,"CO",NA,NA
"Adolf",NA,"CZ",NA,NA
"Aktual",NA,"CZ",NA,NA
"Alena","female","CZ","1",34
"Augustin",NA,"CZ",NA,NA
"Bela",NA,"CZ",NA,NA
"Eugen","male","CZ","1",1
"Eva","female","CZ","1",79
"Frantisek","male","CZ","1",24
"František","male","CZ","1",24
"Friedrich",NA,"CZ",NA,NA
"Henri",NA,"CZ",NA,NA
"Jan","male","CZ","1",127
"Jaromír","male","CZ","1",10
"Jaroslav","male","CZ","1",40
"Jaroslava","female","CZ","1",12
"Jindrich","male","CZ","1",7
"Jindřich","male","CZ","1",7
"Jiri","male","CZ","1",108
"Jirí","male","CZ","1",108
"Jitka","female","CZ","1",41
"Jiþi",NA,"CZ",NA,NA
"Jiří","male","CZ","1",108
"Johann",NA,"CZ",NA,NA
"Josef","male","CZ","1",37
"Ján","male","CZ","1",127
"Karel","male","CZ","1",33
"Markéta","female","CZ","1",54
"Michael","male","CZ","1",8
"Milan","male","CZ","1",43
"Milos","male","CZ","1",12
"Miro","male","CZ","1",2
"Noury",NA,"CZ",NA,NA
"Othon",NA,"CZ",NA,NA
"Otto","male","CZ","1",2
"Pavel","male","CZ","0.99",106
"Pravoslav",NA,"CZ",NA,NA
"Prazsky",NA,"CZ",NA,NA
"Sonia",NA,"CZ",NA,NA
"Stanislav","male","CZ","1",22
"Tom","male","CZ","1",7
"Tomas","male","CZ","1",167
"Vera","female","CZ","1",19
"Vilem","male","CZ","1",4
"Woody",NA,"CZ",NA,NA
"Zdenek","male","CZ","1",31
"Zdenĕk","male","CZ","1",31
"A",NA,"DE",NA,NA
"Abdul","male","DE","1",2
"Abe",NA,"DE",NA,NA
"Adele","female","DE","1",1
"Adolf",NA,"DE",NA,NA
"Aenne",NA,"DE",NA,NA
"Alastair",NA,"DE",NA,NA
"Albert","male","DE","1",7
"Alexander","male","DE","1",200
"Alfred","male","DE","1",7
"Alice","female","DE","1",11
"Amelie","female","DE","1",8
"Andrea","female","DE","0.97",216
"Andreas","male","DE","1",224
"André","male","DE","1",57
"Annemarie","female","DE","1",6
"Annett","female","DE","1",7
"Annette","female","DE","1",20
"Anni","female","DE","1",12
"Anselm",NA,"DE",NA,NA
"Anton","male","DE","1",10
"Antonius",NA,"DE",NA,NA
"Armin","male","DE","1",17
"Arndt","male","DE","1",3
"Arnold","male","DE","1",5
"Arthur","male","DE","1",4
"Ati","female","DE","0.5",2
"August",NA,"DE",NA,NA
"Augusta",NA,"DE",NA,NA
"Axel","male","DE","1",18
"Barbara","female","DE","1",84
"Baroness",NA,"DE",NA,NA
"Bastienne",NA,"DE",NA,NA
"Bauhaus",NA,"DE",NA,NA
"Bayer",NA,"DE",NA,NA
"Bazon",NA,"DE",NA,NA
"Benita","female","DE","1",1
"Benjamin","male","DE","1",48
"Bernard","male","DE","1",1
"Bernd","male","DE","1",26
"Berndt",NA,"DE",NA,NA
"Bernhard","male","DE","1",32
"Bert",NA,"DE",NA,NA
"Bettina","female","DE","1",51
"Bill",NA,"DE",NA,NA
"Birgit","female","DE","1",54
"Björn","male","DE","1",28
"Blinky",NA,"DE",NA,NA
"Bruno","male","DE","1",23
"C",NA,"DE",NA,NA
"Candida",NA,"DE",NA,NA
"Carl","male","DE","1",6
"Carlfriedrich",NA,"DE",NA,NA
"Carsten","male","DE","1",57
"Cesar","male","DE","1",1
"Chargesheimer",NA,"DE",NA,NA
"Charline","female","DE","1",1
"Charlotte","female","DE","1",19
"Christian","male","DE","1",243
"Christiane","female","DE","1",23
"Christoph","male","DE","1",136
"Claire","female","DE","1",2
"Claudia","female","DE","1",200
"Clemens","male","DE","1",16
"Conrad","male","DE","1",2
"Corinna","female","DE","1",26
"Cosima","female","DE","1",3
"Cyan",NA,"DE",NA,NA
"Daniel","male","DE","1",269
"Dara",NA,"DE",NA,NA
"Dieter","male","DE","1",24
"Dietmar","male","DE","1",20
"Dietrich","male","DE","1",1
"Dirk","male","DE","1",65
"Doris","female","DE","1",32
"Dörte","female","DE","1",3
"E",NA,"DE",NA,NA
"Eberhard","male","DE","1",1
"Ed","male","DE","1",2
"Edmund",NA,"DE",NA,NA
"Edwin","male","DE","1",2
"Ekkehard",NA,"DE",NA,NA
"Ekkeland",NA,"DE",NA,NA
"Elisabeth","female","DE","1",34
"Ella","female","DE","1",6
"Elsa","female","DE","1",4
"Elvira","female","DE","1",6
"Emil","male","DE","0.67",3
"Emile","male","DE","1",1
"Eric","male","DE","1",20
"Erica",NA,"DE",NA,NA
"Erich","male","DE","1",4
"Erik","male","DE","1",9
"Ernest","male","DE","1",1
"Erno",NA,"DE",NA,NA
"Ernst","male","DE","1",9
"Erwin","male","DE","0.89",9
"Eugen","male","DE","1",7
"Eugene","male","DE","1",5
"Eva","female","DE","1",115
"Ewald","male","DE","1",3
"F",NA,"DE",NA,NA
"Federico","male","DE","1",19
"Felix","male","DE","1",82
"Ferdinand","male","DE","1",5
"Floris",NA,"DE",NA,NA
"Frank","male","DE","1",57
"Franz","male","DE","1",28
"Fred","male","DE","1",8
"Frieda","female","DE","1",2
"Friedrich","male","DE","1",8
"Fritz","male","DE","1",11
"Gabriele","female","DE","1",24
"Gego",NA,"DE",NA,NA
"Georg","male","DE","1",26
"George","male","DE","1",5
"Gerd","male","DE","1",13
"Gerhard","male","DE","1",26
"Gerhardt",NA,"DE",NA,NA
"Germaine",NA,"DE",NA,NA
"Gernot","male","DE","1",8
"Gertrud","female","DE","1",2
"Gisela","female","DE","1",11
"Gosbert",NA,"DE",NA,NA
"Gottfried","male","DE","1",2
"Gotthard","male","DE","1",1
"Gregor","male","DE","1",17
"Grete",NA,"DE",NA,NA
"Groting",NA,"DE",NA,NA
"Guenter","male","DE","1",1
"Guenther","male","DE","1",2
"Gugelot",NA,"DE",NA,NA
"Gundula","female","DE","1",2
"Gunta",NA,"DE",NA,NA
"Gunter","male","DE","1",14
"Gunther","male","DE","1",8
"Gustav","female","DE","0.5",2
"Günter","male","DE","1",14
"Günther","male","DE","1",8
"H",NA,"DE",NA,NA
"Hajo","male","DE","1",1
"Hann",NA,"DE",NA,NA
"Hanna","female","DE","1",35
"Hannah","female","DE","1",43
"Hanne","female","DE","1",2
"Hannes","male","DE","0.95",22
"Hanns","male","DE","1",2
"Hans","male","DE","0.96",53
"Harry","male","DE","0.94",17
"Hartmut","male","DE","1",5
"Harun","male","DE","1",8
"Hedda",NA,"DE",NA,NA
"Heike","female","DE","0.97",33
"Hein","male","DE","1",1
"Heinreich",NA,"DE",NA,NA
"Heinrich","male","DE","1",3
"Heinz","male","DE","1",22
"Helmar",NA,"DE",NA,NA
"Helmut","male","DE","1",27
"Henri","male","DE","1",1
"Henry","male","DE","1",10
"Herbert","male","DE","1",16
"Heribert",NA,"DE",NA,NA
"Herman",NA,"DE",NA,NA
"Hermann","male","DE","0.91",11
"Hito",NA,"DE",NA,NA
"Hoechst",NA,"DE",NA,NA
"Horst","male","DE","1",15
"Hubert","male","DE","1",10
"Hubertus","male","DE","1",1
"Hugo","male","DE","1",3
"Hélène","female","DE","1",9
"Ilse",NA,"DE",NA,NA
"Imi",NA,"DE",NA,NA
"Inge","female","DE","1",9
"Ingeborg","female","DE","1",1
"Ingo","male","DE","1",24
"Irene","female","DE","1",19
"Isa","female","DE","0.94",16
"J",NA,"DE",NA,NA
"Jacob",NA,"DE",NA,NA
"Jakob","male","DE","1",12
"Jan","male","DE","1",94
"Janos","female","DE","1",1
"Jean","male","DE","0.71",7
"Jeanne","female","DE","1",1
"Jenny","female","DE","1",68
"Jerszy",NA,"DE",NA,NA
"Jochen","male","DE","1",19
"Johanna","female","DE","1",46
"Johannes","male","DE","1",76
"John","male","DE","1",15
"Johnny","male","DE","1",2
"Joost",NA,"DE",NA,NA
"Jorinde",NA,"DE",NA,NA
"Josef","male","DE","1",14
"Joseph","male","DE","1",1
"Josephine","female","DE","0.83",6
"Josua","male","DE","1",1
"Julia","female","DE","1",262
"Julian","male","DE","1",29
"Julius","male","DE","1",8
"Jupp",NA,"DE",NA,NA
"Jurgen","male","DE","1",41
"Justen",NA,"DE",NA,NA
"Jutta","female","DE","1",21
"Jörg","male","DE","1",52
"Jürgen","male","DE","1",41
"K",NA,"DE",NA,NA
"KP",NA,"DE",NA,NA
"Kai","male","DE","1",35
"Karin","female","DE","0.99",84
"Karl","male","DE","0.94",18
"Karlheinz","male","DE","1",3
"Kasper","male","DE","1",1
"Kate","female","DE","1",2
"Katharina","female","DE","0.99",125
"Katja","female","DE","1",63
"Kayserzinn",NA,"DE",NA,NA
"Kerstin","female","DE","1",63
"Kiki","female","DE","1",3
"Kilian","male","DE","1",3
"Kirsten","female","DE","1",15
"Klaus","male","DE","0.99",79
"Konrad","male","DE","1",5
"Konstantin","male","DE","1",8
"Kota",NA,"DE",NA,NA
"Kuron",NA,"DE",NA,NA
"Kurt","male","DE","1",17
"Käthe","female","DE","1",1
"L","female","DE","0.5",2
"Lambert",NA,"DE",NA,NA
"Laurenz","male","DE","1",3
"Leni","female","DE","1",2
"Leonore",NA,"DE",NA,NA
"Leopold","male","DE","1",3
"Lilly","female","DE","1",29
"Lisa","female","DE","0.99",155
"Loescher",NA,"DE",NA,NA
"Lore","female","DE","1",1
"Loretta",NA,"DE",NA,NA
"Lortz",NA,"DE",NA,NA
"Lothar","male","DE","1",5
"Lotte","female","DE","1",3
"Lovis",NA,"DE",NA,NA
"Lucian",NA,"DE",NA,NA
"Ludwig","male","DE","1",2
"Luigi","male","DE","1",3
"Lutz","male","DE","1",8
"Maarten",NA,"DE",NA,NA
"Mac","male","DE","1",3
"Magnus","male","DE","1",3
"Maina",NA,"DE",NA,NA
"Manfred","male","DE","1",29
"Marc","male","DE","1",92
"Marcel","male","DE","1",76
"Marco","male","DE","1",140
"Maren","female","DE","1",13
"Maria","female","DE","1",98
"Marianne","female","DE","1",17
"Markus","male","DE","1",225
"Marli",NA,"DE",NA,NA
"Martin","male","DE","1",206
"Mathias","male","DE","1",28
"Matthias","male","DE","1",145
"Max","male","DE","1",69
"Michael","male","DE","1",283
"Michel","male","DE","1",12
"Mike","male","DE","1",23
"Milly",NA,"DE",NA,NA
"Miriam","female","DE","1",50
"Monika","female","DE","1",74
"Moritz","male","DE","1",25
"Natalie","female","DE","1",19
"Neo",NA,"DE",NA,NA
"Nick","male","DE","1",9
"Nina","female","DE","1",105
"Nora","female","DE","1",32
"Norbert","male","DE","1",17
"Olaf","male","DE","1",31
"Olav",NA,"DE",NA,NA
"Oliver","male","DE","1",135
"Oscar","male","DE","1",6
"Oskar","male","DE","1",1
"Oswald","male","DE","1",1
"Otl",NA,"DE",NA,NA
"Otto","male","DE","1",10
"Ottokar",NA,"DE",NA,NA
"Ottomar",NA,"DE",NA,NA
"Owo",NA,"DE",NA,NA
"Pach",NA,"DE",NA,NA
"Paloma","female","DE","1",1
"Patriz",NA,"DE",NA,NA
"Paul","male","DE","1",35
"Paula","female","DE","1",5
"Peer","male","DE","1",5
"Percy",NA,"DE",NA,NA
"Peter","male","DE","0.99",144
"Pierre","male","DE","1",7
"Porsche",NA,"DE",NA,NA
"Priska","female","DE","1",12
"Rainer","male","DE","0.97",37
"Ralf","male","DE","1",60
"Ralph","male","DE","1",9
"Rebecca","female","DE","1",43
"Regina","female","DE","1",26
"Reiner","male","DE","1",5
"Reinhard","male","DE","1",13
"Reinhold","male","DE","1",6
"René","male","DE","1",66
"Renée","female","DE","1",2
"Richard","male","DE","1",19
"Ringl",NA,"DE",NA,NA
"Robert","male","DE","1",84
"Rolf","male","DE","1",30
"Roman","male","DE","1",67
"Rosa","female","DE","1",11
"Rosemarie","female","DE","1",5
"Rudi","male","DE","1",8
"Rudolf","male","DE","1",14
"Rupprecht",NA,"DE",NA,NA
"Ruth","female","DE","1",18
"Rüdiger","male","DE","1",5
"Sabine","female","DE","1",99
"Sebastian","male","DE","1",119
"Siegfried","male","DE","1",7
"Sigmar",NA,"DE",NA,NA
"Simone","female","DE","0.99",93
"Slechinsky",NA,"DE",NA,NA
"Spilling",NA,"DE",NA,NA
"Stefan","male","DE","1",274
"Stephan","male","DE","1",91
"Sterling",NA,"DE",NA,NA
"Susan","female","DE","1",18
"Theodor","male","DE","1",3
"Theodore",NA,"DE",NA,NA
"Thomas","male","DE","0.99",306
"Tim","male","DE","1",45
"Timm","male","DE","1",2
"Tom","male","DE","1",52
"Tomas","male","DE","1",2
"Tomma",NA,"DE",NA,NA
"Toni","male","DE","0.92",25
"Trude",NA,"DE",NA,NA
"Udo","male","DE","1",20
"Ulay",NA,"DE",NA,NA
"Ulli","female","DE","0.57",7
"Ulrich","male","DE","1",20
"Ulrike","female","DE","1",51
"Umbo",NA,"DE",NA,NA
"Unkn",NA,"DE",NA,NA
"Ursula","female","DE","1",34
"Uwe","male","DE","1",40
"Vera","female","DE","1",23
"Via",NA,"DE",NA,NA
"Volker","male","DE","1",23
"Volkmar","male","DE","1",3
"Walter","male","DE","1",28
"Walther",NA,"DE",NA,NA
"Weigl",NA,"DE",NA,NA
"Werner","male","DE","1",31
"Wilfred",NA,"DE",NA,NA
"Wilhelm","male","DE","1",3
"Willi","male","DE","1",7
"William","male","DE","1",1
"Willibald","male","DE","1",1
"Willy","male","DE","1",2
"Wim","male","DE","1",2
"Winfred",NA,"DE",NA,NA
"Winfried","male","DE","1",6
"Wolf","male","DE","1",3
"Wolfgang","male","DE","1",68
"Wolfsberg",NA,"DE",NA,NA
"Wols",NA,"DE",NA,NA
"Yva",NA,"DE",NA,NA
"Yvonne","female","DE","0.98",66
"Aage",NA,"DK",NA,NA
"Arne","male","DK","1",12
"Asger","male","DK","1",3
"Axel","male","DK","1",1
"Bago",NA,"DK",NA,NA
"Bent","male","DK","1",16
"Bjorn",NA,"DK",NA,NA
"Carl","male","DK","1",5
"Coloplast",NA,"DK",NA,NA
"Egill",NA,"DK",NA,NA
"Ejler","male","DK","1",1
"Else","female","DK","1",11
"Eric","male","DK","1",1
"Erik","male","DK","1",35
"Finn","male","DK","1",28
"Flemming","male","DK","1",50
"Gabriel","male","DK","1",1
"Godtfred","male","DK","1",1
"Grete","female","DK","1",4
"Gunnar","male","DK","1",3
"Hans","male","DK","0.96",24
"Helge","male","DK","1",2
"Henning","male","DK","1",14
"Henry","male","DK","1",2
"Herbert",NA,"DK",NA,NA
"Holger","male","DK","1",1
"Hân",NA,"DK",NA,NA
"Ibi",NA,"DK",NA,NA
"Jacob","male","DK","1",74
"Jakob","male","DK","0.98",50
"Jan","male","DK","1",78
"Jens","male","DK","1",84
"Jesper","male","DK","1",154
"Joachim","male","DK","1",10
"Johannes","male","DK","1",9
"Johs","male","DK","1",1
"Jorgen",NA,"DK",NA,NA
"K",NA,"DK",NA,NA
"Karin","female","DK","1",29
"Kirstine","female","DK","1",7
"Knud","male","DK","1",13
"Kristian","male","DK","1",90
"Kurt","male","DK","1",17
"Lars","male","DK","1",105
"Louise","female","DK","1",171
"Mads","male","DK","0.99",147
"Magnus","male","DK","1",11
"Mathias","male","DK","1",44
"Mogens","male","DK","1",39
"Nicolas","male","DK","1",1
"Niels","male","DK","1",131
"Olafur",NA,"DK",NA,NA
"Palle","male","DK","1",18
"Per","male","DK","0.98",66
"Peter","male","DK","1",111
"Poul","male","DK","1",24
"Richard",NA,"DK",NA,NA
"Roald",NA,"DK",NA,NA
"SUPERFLEX",NA,"DK",NA,NA
"Sergej",NA,"DK",NA,NA
"Sigurd",NA,"DK",NA,NA
"Sonja","female","DK","1",6
"Stig","male","DK","1",9
"Susanne","female","DK","1",108
"Sven","male","DK","1",4
"Svend","male","DK","1",13
"Thomas","male","DK","0.99",198
"Torben","male","DK","1",52
"Troels","male","DK","1",24
"Various",NA,"DK",NA,NA
"Verner","male","DK","1",2
"Willy","male","DK","1",1
"Jüri","male","EE","1",1
"Louis",NA,"EE",NA,NA
"Raul","male","EE","1",1
"A","female","ES","0.5",2
"America","female","ES","1",6
"Andrés","male","ES","0.99",222
"Antoni","male","ES","1",5
"Antonio","male","ES","0.99",328
"Arribas",NA,"ES",NA,NA
"Arteche",NA,"ES",NA,NA
"Arturo","male","ES","1",88
"Bigas",NA,"ES",NA,NA
"Boni","male","ES","1",2
"Carme","female","ES","1",10
"Cañavate",NA,"ES",NA,NA
"Chema","male","ES","1",72
"Doroteo",NA,"ES",NA,NA
"Lida",NA,"AF",NA,NA
"Massoud",NA,"AF",NA,NA
"Arshile",NA,"AM",NA,NA
"Héctor",NA,"AR",NA,NA
"Jaime",NA,"AR",NA,NA
"Jorge",NA,"AR",NA,NA
"Juan",NA,"AR",NA,NA
"Julio",NA,"AR",NA,NA
"Leandro",NA,"AR",NA,NA
"León",NA,"AR",NA,NA
"Libero",NA,"AR",NA,NA
"Lidy",NA,"AR",NA,NA
"Liliana",NA,"AR",NA,NA
"Miguel",NA,"AR",NA,NA
"Nicola",NA,"AR",NA,NA
"Nicolas",NA,"AR",NA,NA
"Nélida",NA,"AR",NA,NA
"Onofrio",NA,"AR",NA,NA
"Oscar",NA,"AR",NA,NA
"Osvaldo",NA,"AR",NA,NA
"Oswaldo",NA,"AR",NA,NA
"Pablo",NA,"AR",NA,NA
"Paula",NA,"AR",NA,NA
"Perez",NA,"AR",NA,NA
"Raquel",NA,"AR",NA,NA
"Raúl",NA,"AR",NA,NA
"Ricardo",NA,"AR",NA,NA
"Rirkrit",NA,"AR",NA,NA
"Roberto",NA,"AR",NA,NA
"Rodolfo",NA,"AR",NA,NA
"Rodrigo",NA,"AR",NA,NA
"Rogelio",NA,"AR",NA,NA
"Rómulo",NA,"AR",NA,NA
"Zeigam",NA,"AZ",NA,NA
"Marc",NA,"BY",NA,NA
"Eduardo","male","ES","0.99",192
"Elena","female","ES","0.99",146
"Enric","male","ES","1",12
"Enrique","male","ES","1",112
"Ernesto","male","ES","1",56
"Esteban","male","ES","1",72
"Ester","female","ES","1",38
"Eugene",NA,"ES",NA,NA
"Eusebio","male","ES","1",7
"Federico","male","ES","1",36
"Fernando","male","ES","1.00",236
"Francesc","male","ES","1.00",27
"Francisco","male","ES","1.00",239
"Gerardo","male","ES","1.00",51
"I",NA,"ES",NA,NA
"Ismael","male","ES","1.00",62
"J","male","ES","1.00",7
"Jaume","male","ES","0.98",41
"Javier","male","ES","1.00",426
"Jesús",NA,"ES",NA,NA
"Joan","male","ES","1.00",87
"Jordi","male","ES","1.00",172
"Jorge","male","ES","1.00",446
"Jose","male","ES","0.99",591
"Josep","male","ES","1.00",58
"José",NA,"ES",NA,NA
"Juan","male","ES","1.00",487
"Julio","male","ES","0.99",120
"Juvenal","male","ES","1.00",1
"Lorenzo","male","ES","1.00",13
"Luis","male","ES","1.00",473
"Manolo","male","ES","1.00",30
"Manuel","male","ES","1.00",334
"Mariano","male","ES","1.00",40
"Marti","male","ES","0.80",15
"Martín",NA,"ES",NA,NA
"Mauricio","male","ES","1.00",85
"Melendreras",NA,"ES",NA,NA
"Miguel","male","ES","1.00",284
"Miquel","male","ES","1.00",24
"Modest",NA,"ES",NA,NA
"Oliva","female","ES","1.00",1
"Oliver","male","ES","1.00",50
"Oscar","male","ES","1.00",218
"Pablo","male","ES","1.00",286
"Patricia","female","ES","1.00",220
"Paul","male","ES","1.00",8
"Pedrero",NA,"ES",NA,NA
"Pedro","male","ES","1.00",250
"Pere","male","ES","1.00",26
"Rafael","male","ES","1.00",145
"Renan","male","ES","1.00",1
"Riba",NA,"ES",NA,NA
"Ricardo","male","ES","1.00",202
"Salvador","male","ES","1.00",41
"Santiago","male","ES","1.00",101
"Susana","female","ES","0.99",109
"Teo","male","ES","1.00",5
"Teresa","female","ES","0.99",73
"Tontsere",NA,"ES",NA,NA
"Victor","male","ES","1.00",207
"Victoria","female","ES","0.98",46
"Vincente",NA,"ES",NA,NA
"Wila",NA,"ES",NA,NA
"Xirinin",NA,"ES",NA,NA
"Zush",NA,"ES",NA,NA
"Aarne","male","FI","1.00",1
"Aino","female","FI","1.00",17
"Aki","male","FI","1.00",10
"Akseli","male","FI","1.00",2
"Alvar",NA,"FI",NA,NA
"Antti","male","FI","1.00",87
"Bertel",NA,"FI",NA,NA
"Dora","female","FI","1.00",1
"Eero","male","FI","1.00",15
"Eija","female","FI","1.00",14
"Gunnel",NA,"FI",NA,NA
"Göran",NA,"FI",NA,NA
"Harri","male","FI","1.00",17
"Janne","male","FI","1.00",102
"Jean",NA,"FI",NA,NA
"Jukka","male","FI","1.00",52
"Jyrki","male","FI","1.00",5
"Kaj","male","FI","1.00",2
"Kari","male","FI","1.00",30
"Maria","female","FI","1.00",35
"Marja","female","FI","1.00",21
"Mauritz",NA,"FI",NA,NA
"Nanny",NA,"FI",NA,NA
"Olli","male","FI","1.00",16
"Olof",NA,"FI",NA,NA
"Pentti","male","FI","1.00",11
"Pia","female","FI","1.00",20
"Riiko",NA,"FI",NA,NA
"Ritva","female","FI","1.00",8
"Saara","female","FI","1.00",17
"Stockmarr",NA,"FI",NA,NA
"Tapio","male","FI","1.00",21
"Timo","male","FI","1.00",70
"Tom","male","FI","1.00",1
"Valto",NA,"FI",NA,NA
"Yrjö",NA,"FI",NA,NA
"A",NA,"FR",NA,NA
"Abram",NA,"FR",NA,NA
"Achille","male","FR","1.00",1
"Achilles",NA,"FR",NA,NA
"Adolf",NA,"FR",NA,NA
"Adolphe",NA,"FR",NA,NA
"Adrien","male","FR","1.00",184
"Alain","male","FR","1.00",294
"Albert","male","FR","1.00",38
"Alexandre","male","FR","1.00",487
"Alfred","male","FR","1.00",4
"Alice","female","FR","1.00",127
"Alphonse","male","FR","1.00",3
"Amédée",NA,"FR",NA,NA
"Andreas","male","FR","1.00",7
"André",NA,"FR",NA,NA
"Annette","female","FR","1.00",12
"Antoine","male","FR","1.00",287
"Antonin","male","FR","1.00",22
"Aristide","male","FR","1.00",7
"Arman",NA,"FR",NA,NA
"Armand","male","FR","1.00",10
"Arnaud","male","FR","0.99",331
"Arsène",NA,"FR",NA,NA
"Atelier",NA,"FR",NA,NA
"Auguste","male","FR","0.75",4
"Axel","male","FR","0.95",58
"Bacard",NA,"FR",NA,NA
"Balthus",NA,"FR",NA,NA
"Bernar",NA,"FR",NA,NA
"Bernard","male","FR","1.00",143
"Bertall",NA,"FR",NA,NA
"Berthe","female","FR","1.00",2
"Berthold",NA,"FR",NA,NA
"Bertrand","male","FR","0.98",104
"Blanc","male","FR","1.00",1
"Bouchra","female","FR","1.00",37
"Bouillon",NA,"FR",NA,NA
"Boutrou",NA,"FR",NA,NA
"Braun","female","FR","1.00",1
"Brice","male","FR","1.00",61
"Bruno","male","FR","1.00",212
"Camille","female","FR","0.91",369
"Carole","female","FR","1.00",232
"Caroline","female","FR","1.00",366
"Catherine","female","FR","1.00",330
"Cause",NA,"FR",NA,NA
"Cazals",NA,"FR",NA,NA
"Cedric","male","FR","1.00",360
"Ch","male","FR","1.00",3
"Chaim",NA,"FR",NA,NA
"Charles","male","FR","0.99",151
"Chas",NA,"FR",NA,NA
"Chris","male","FR","0.72",130
"Christian","male","FR","1.00",249
"Christophe","male","FR","0.99",522
"Claire","female","FR","1.00",326
"Claude","male","FR","0.86",161
"Clementine","female","FR","1.00",55
"Clovis","male","FR","1.00",6
"Colette","female","FR","1.00",34
"Coulon",NA,"FR",NA,NA
"Cyprien","male","FR","1.00",7
"Cédric",NA,"FR",NA,NA
"César",NA,"FR",NA,NA
"Dagron",NA,"FR",NA,NA
"Damien","male","FR","1.00",251
"Daniel","male","FR","1.00",213
"Denis","male","FR","1.00",124
"Dominique","female","FR","0.60",265
"Dornac",NA,"FR",NA,NA
"Décolletage",NA,"FR",NA,NA
"Démétrius",NA,"FR",NA,NA
"E",NA,"FR",NA,NA
"Edme",NA,"FR",NA,NA
"Edmond","male","FR","1.00",4
"Edouard","male","FR","1.00",55
"Eli","female","FR","0.90",10
"Elliott","male","FR","1.00",2
"Emile","male","FR","0.89",9
"Emilio","male","FR","1.00",2
"Enrique","male","FR","1.00",2
"Eric","male","FR","1.00",527
"Erick","male","FR","0.93",15
"Ernest","male","FR","0.86",7
"Erwin",NA,"FR",NA,NA
"Etienne","male","FR","1.00",89
"Eugène",NA,"FR",NA,NA
"Eugéne",NA,"FR",NA,NA
"Euzhan",NA,"FR",NA,NA
"F",NA,"FR",NA,NA
"Fabrice","male","FR","1.00",191
"Felix","male","FR","1.00",30
"Ferdinand","male","FR","1.00",4
"Fernand","male","FR","1.00",10
"Firmin","male","FR","1.00",2
"Flaminaire",NA,"FR",NA,NA
"Francis","male","FR","1.00",104
"Franck","male","FR","1.00",255
"Francois","male","FR","1.00",365
"François",NA,"FR",NA,NA
"Françoise",NA,"FR",NA,NA
"Frédéric",NA,"FR",NA,NA
"Félix",NA,"FR",NA,NA
"G",NA,"FR",NA,NA
"Gabriel","male","FR","1.00",102
"Gary","male","FR","1.00",8
"Gaspard","male","FR","1.00",5
"Gaston","male","FR","1.00",8
"Geneviève",NA,"FR",NA,NA
"George","male","FR","0.83",6
"Georges","male","FR","0.98",65
"Gerard","male","FR","1.00",120
"Germaine","female","FR","1.00",4
"Geza",NA,"FR",NA,NA
"Gilles","male","FR","1.00",142
"Gina","female","FR","1.00",8
"Gottlob",NA,"FR",NA,NA
"Grapus",NA,"FR",NA,NA
"Guillaume","male","FR","1.00",563
"Gustave","male","FR","1.00",1
"Guy","male","FR","1.00",78
"Gérald",NA,"FR",NA,NA
"Gérard",NA,"FR",NA,NA
"H","male","FR","1.00",1
"Harry","male","FR","1.00",7
"Hector","male","FR","1.00",4
"Henri","male","FR","1.00",36
"Henriette","female","FR","1.00",8
"Henry","male","FR","1.00",10
"Hermine","female","FR","1.00",3
"Hilaire",NA,"FR",NA,NA
"Hippolyte",NA,"FR",NA,NA
"Honoré",NA,"FR",NA,NA
"Huguette","female","FR","1.00",9
"Izis",NA,"FR",NA,NA
"J",NA,"FR",NA,NA
"Jacqueline","female","FR","0.99",78
"Jacques","male","FR","0.99",129
"Jane","female","FR","1.00",17
"Jean","male","FR","0.99",241
"Jeanne","female","FR","1.00",74
"John","male","FR","0.99",106
"Joseph","male","FR","1.00",47
"Jouineau",NA,"FR",NA,NA
"Joël",NA,"FR",NA,NA
"Jules","male","FR","0.98",43
"Julien","male","FR","1.00",850
"Jöelle",NA,"FR",NA,NA
"Kader","male","FR","1.00",13
"Kees",NA,"FR",NA,NA
"Ker","female","FR","1.00",1
"L","male","FR","1.00",2
"Laure","female","FR","1.00",137
"Le","female","FR","0.50",2
"Lebegue",NA,"FR",NA,NA
"Lege",NA,"FR",NA,NA
"Leon","male","FR","0.78",9
"Lobel",NA,"FR",NA,NA
"Louis","male","FR","0.99",137
"Louise","female","FR","1.00",75
"Luc","male","FR","1.00",123
"Lucien","male","FR","1.00",15
"Léo",NA,"FR",NA,NA
"Léon",NA,"FR",NA,NA
"Léopold",NA,"FR",NA,NA
"M","female","FR","0.67",3
"Mansard",NA,"FR",NA,NA
"Manuel","male","FR","0.98",63
"Marc","male","FR","0.99",297
"Marcel","male","FR","1.00",43
"Marcelle","female","FR","1.00",8
"Marguerite","female","FR","1.00",14
"Marie","female","FR","0.99",776
"Marine","female","FR","1.00",277
"Mario","male","FR","0.92",26
"Marisol","female","FR","1.00",1
"Marquis",NA,"FR",NA,NA
"Martial","male","FR","1.00",21
"Martin","male","FR","1.00",157
"Martine","female","FR","0.99",207
"Maréchal",NA,"FR",NA,NA
"Mathieu","male","FR","1.00",324
"Matias","male","FR","1.00",3
"Maurice","male","FR","0.91",22
"Max","male","FR","0.98",98
"Maxime","male","FR","1.00",403
"Maximilian",NA,"FR",NA,NA
"Maxine","female","FR","1.00",3
"Melik","male","FR","1.00",2
"Michel","male","FR","0.99",356
"Misti",NA,"FR",NA,NA
"Monsieur",NA,"FR",NA,NA
"Morillon",NA,"FR",NA,NA
"Nadar",NA,"FR",NA,NA
"Narcisse","male","FR","1.00",3
"Nicolas","male","FR","1.00",897
"Niki",NA,"FR",NA,NA
"Noémi",NA,"FR",NA,NA
"Odette","female","FR","1.00",9
"Odilon","male","FR","1.00",1
"Olivier","male","FR","1.00",509
"Olympe","female","FR","1.00",2
"Ossip",NA,"FR",NA,NA
"Othon",NA,"FR",NA,NA
"Otto",NA,"FR",NA,NA
"P",NA,"FR",NA,NA
"Pascale","female","FR","1.00",102
"Pathé",NA,"FR",NA,NA
"Patrice","male","FR","1.00",118
"Patrick","male","FR","1.00",331
"Paul","male","FR","0.99",187
"Philibert","male","FR","0.80",5
"Philippe","male","FR","0.99",413
"Photographie",NA,"FR",NA,NA
"Pierre","male","FR","0.99",447
"Pierrette","female","FR","1.00",23
"R",NA,"FR",NA,NA
"Raoul","male","FR","1.00",10
"Raphael","male","FR","1.00",175
"Raymond","male","FR","1.00",22
"Raymonde","female","FR","1.00",8
"René",NA,"FR",NA,NA
"Robert","male","FR","0.97",71
"Rocher",NA,"FR",NA,NA
"Rodolphe","male","FR","1.00",30
"Roger","male","FR","1.00",50
"Roland","male","FR","1.00",27
"Romain","male","FR","1.00",431
"Roman","male","FR","1.00",9
"Régis",NA,"FR",NA,NA
"S",NA,"FR",NA,NA
"Saint",NA,"FR",NA,NA
"Sam","male","FR","0.76",75
"Sarkis",NA,"FR",NA,NA
"Sebastián",NA,"FR",NA,NA
"Serge","male","FR","0.99",104
"Sophie","female","FR","1.00",623
"Stephany","female","FR","1.00",2
"Stéphane",NA,"FR",NA,NA
"Suzanne","female","FR","1.00",37
"Sylvain","male","FR","1.00",238
"Séraphine",NA,"FR",NA,NA
"Tancrède",NA,"FR",NA,NA
"Taupin",NA,"FR",NA,NA
"Terry","male","FR","0.92",12
"Theo","male","FR","0.97",73
"Theodore","male","FR","1.00",5
"Thierry","male","FR","0.99",261
"Théodore",NA,"FR",NA,NA
"Théophile",NA,"FR",NA,NA
"Toni","male","FR","1.00",9
"V",NA,"FR",NA,NA
"Valdo",NA,"FR",NA,NA
"Valentine","female","FR","1.00",55
"Vallauris",NA,"FR",NA,NA
"Valère",NA,"FR",NA,NA
"Valérie",NA,"FR",NA,NA
"Various",NA,"FR",NA,NA
"Vincent","male","FR","0.99",494
"Yto",NA,"FR",NA,NA
"Yvaral",NA,"FR",NA,NA
"Yves","male","FR","1.00",119
"Zao",NA,"FR",NA,NA
"interware",NA,"FR",NA,NA
"matali",NA,"FR",NA,NA
"Édouard",NA,"FR",NA,NA
"Émile",NA,"FR",NA,NA
"Éric",NA,"FR",NA,NA
"Étienne",NA,"FR",NA,NA
"A","male","GB","0.60",5
"Abram",NA,"GB",NA,NA
"Adam","male","GB","1.00",816
"Adrian","male","GB","0.98",191
"Alan","male","GB","1.00",378
"Albert","male","GB","0.97",30
"Alex","male","GB","0.85",847
"Alexander","male","GB","1.00",158
"Alfred","male","GB","1.00",27
"Algernon","male","GB","1.00",1
"Allan","male","GB","1.00",86
"Allen","male","GB","0.97",36
"Alun","male","GB","1.00",5
"Amanda","female","GB","1.00",479
"Andrew","male","GB","1.00",1113
"Angus","male","GB","1.00",15
"Ann","female","GB","1.00",328
"Anna","female","GB","1.00",511
"Anthony","male","GB","1.00",419
"Archibald",NA,"GB",NA,NA
"Armando","male","GB","1.00",11
"Ashley","male","GB","0.56",396
"Atelier",NA,"GB",NA,NA
"Aubrey","female","GB","0.88",8
"Augustus",NA,"GB",NA,NA
"Austin","male","GB","0.96",27
"Barbara","female","GB","0.99",191
"Barnett",NA,"GB",NA,NA
"Barney","male","GB","1.00",11
"Barry","male","GB","0.99",138
"Basil","male","GB","1.00",3
"Beath",NA,"GB",NA,NA
"Ben","male","GB","0.99",892
"Benjamin","male","GB","1.00",123
"Berger",NA,"GB",NA,NA
"Bernard","male","GB","1.00",41
"Bill","male","GB","0.99",115
"Brian","male","GB","1.00",372
"Bridget","female","GB","1.00",47
"Brown",NA,"GB",NA,NA
"Bruce","male","GB","1.00",111
"Bryan","male","GB","0.99",128
"Brynhild",NA,"GB",NA,NA
"C",NA,"GB",NA,NA
"Captain","male","GB","1.00",1
"Carpenter",NA,"GB",NA,NA
"Ceal",NA,"GB",NA,NA
"Cecil","male","GB","1.00",5
"Cecily","female","GB","1.00",3
"Cedric","male","GB","1.00",13
"Ceri","female","GB","0.93",58
"Cerith","male","GB","1.00",1
"Chad","male","GB","1.00",37
"Charles","male","GB","0.99",152
"Charlie","male","GB","0.70",228
"Chris","male","GB","0.94",1453
"Christian","male","GB","0.98",131
"Christopher","male","GB","0.99",282
"Claire","female","GB","1.00",817
"Clare","female","GB","1.00",247
"Claud",NA,"GB",NA,NA
"Claude","male","GB","0.67",3
"Clement","male","GB","1.00",13
"Clive","male","GB","1.00",51
"Colin","male","GB","0.98",260
"Conrad","male","GB","1.00",6
"Cornelia","female","GB","1.00",1
"Craigie",NA,"GB",NA,NA
"Crispin","male","GB","1.00",3
"Cudsen",NA,"GB",NA,NA
"Curtis","male","GB","1.00",16
"Cyril","male","GB","1.00",28
"Dacres",NA,"GB",NA,NA
"Damien","male","GB","0.98",61
"Daniel","male","GB","0.99",863
"Danny","male","GB","0.99",233
"Darren","male","GB","0.99",297
"Dave","male","GB","1.00",599
"David","male","GB","0.99",1639
"Deidre","female","GB","1.00",2
"Derek","male","GB","0.99",136
"Dick","male","GB","1.00",8
"Don","male","GB","1.00",64
"Donald","male","GB","1.00",22
"Donia",NA,"GB",NA,NA
"Dora","female","GB","1.00",9
"Douglas","male","GB","1.00",43
"Dr",NA,"GB",NA,NA
"Dryden",NA,"GB",NA,NA
"Dudley","male","GB","1.00",1
"Duncan","male","GB","1.00",79
"E",NA,"GB",NA,NA
"Eadweard",NA,"GB",NA,NA
"Eckersley",NA,"GB",NA,NA
"Ed","male","GB","0.99",105
"Edgar","male","GB","1.00",13
"Edna","female","GB","1.00",20
"Eduardo","male","GB","1.00",14
"Edward","male","GB","1.00",80
"Edwin","male","GB","1.00",49
"Elisabeth","female","GB","1.00",60
"Elizabeth","female","GB","1.00",269
"Eric","male","GB","0.99",162
"Ernest","male","GB","1.00",12
"Eve","female","GB","1.00",40
"Ewan","male","GB","1.00",18
"F","male","GB","1.00",1
"FM",NA,"GB",NA,NA
"Fallon","female","GB","1.00",1
"Fiona","female","GB","1.00",310
"Ford",NA,"GB",NA,NA
"Foster","female","GB","1.00",1
"Fougasse",NA,"GB",NA,NA
"Francis","male","GB","1.00",48
"Frank","male","GB","1.00",84
"Freddie","male","GB","0.95",22
"Frederick","male","GB","1.00",22
"G","male","GB","1.00",1
"Gareth","male","GB","1.00",268
"Garth","male","GB","1.00",6
"Gary","male","GB","1.00",419
"Gavin","male","GB","1.00",221
"Geoffrey","male","GB","1.00",28
"George","male","GB","0.99",311
"Georgina","female","GB","1.00",165
"Gerald","male","GB","1.00",31
"Gerland",NA,"GB",NA,NA
"Gilbert","male","GB","1.00",9
"Gillian","female","GB","1.00",132
"Glen","male","GB","0.91",76
"Glenn","male","GB","1.00",96
"Gordon","male","GB","1.00",100
"Graham","male","GB","1.00",254
"Grayson","male","GB","0.67",3
"Grenville",NA,"GB",NA,NA
"Grey","male","GB","1.00",1
"Guy","male","GB","1.00",84
"Gwen","female","GB","1.00",19
"H",NA,"GB",NA,NA
"Hal","male","GB","0.91",11
"Hamish","male","GB","1.00",12
"Hans","male","GB","1.00",14
"Harold","male","GB","1.00",6
"Harry","male","GB","0.99",180
"Harvey","male","GB","1.00",27
"Hayley","female","GB","1.00",327
"Helen","female","GB","1.00",674
"Henry","male","GB","1.00",110
"Herbert","male","GB","1.00",3
"Herry",NA,"GB",NA,NA
"Hill",NA,"GB",NA,NA
"Hipgnosis",NA,"GB",NA,NA
"Howard","male","GB","1.00",59
"Hubert","male","GB","1.00",2
"Hugh","male","GB","1.00",39
"Humphrey","male","GB","1.00",2
"Hurvin",NA,"GB",NA,NA
"Iain","male","GB","1.00",117
"Ian","male","GB","1.00",676
"Ide","female","GB","1.00",1
"Isaac","male","GB","1.00",33
"Ithell",NA,"GB",NA,NA
"Ivan","male","GB","1.00",57
"Ivor","male","GB","1.00",6
"J","male","GB","1.00",2
"Jack","male","GB","1.00",551
"Jacqueline","female","GB","1.00",115
"James","male","GB","1.00",1413
"Jamie","male","GB","0.88",468
"Jasper","male","GB","1.00",25
"Jeremy","male","GB","1.00",151
"Jim","male","GB","0.99",176
"Joe","male","GB","0.99",559
"Joey","male","GB","0.66",59
"John","male","GB","1.00",1297
"Jonathan","male","GB","1.00",397
"Joseph","male","GB","1.00",239
"Josephine","female","GB","1.00",50
"Josiah","male","GB","0.80",5
"Julia","female","GB","1.00",315
"Julian","male","GB","0.99",78
"Julien","male","GB","0.93",15
"June","female","GB","0.94",118
"Jussuff",NA,"GB",NA,NA
"Justin","male","GB","0.99",224
"Kate","female","GB","0.98",550
"Keith","male","GB","0.99",200
"Ken","male","GB","0.99",168
"Kenneth","male","GB","1.00",63
"Kevin","male","GB","1.00",462
"Klara","female","GB","1.00",9
"Langlands",NA,"GB",NA,NA
"Larry","male","GB","1.00",45
"Laurence","male","GB","0.82",56
"Lawrence","male","GB","1.00",57
"Leon","male","GB","0.98",81
"Leonora","female","GB","1.00",1
"Leslie","male","GB","0.62",50
"Lewis","male","GB","1.00",150
"Liam","male","GB","0.99",326
"Linder",NA,"GB",NA,NA
"Linnaeus",NA,"GB",NA,NA
"Lionel","male","GB","1.00",13
"Liza","female","GB","1.00",23
"Llewellyn","male","GB","1.00",2
"Louise","female","GB","1.00",412
"Lucy","female","GB","0.92",416
"Lynette","female","GB","1.00",42
"Lynn","female","GB","0.99",164
"Lynne","female","GB","1.00",99
"Mackay",NA,"GB",NA,NA
"Malcolm","male","GB","1.00",64
"Marc","male","GB","1.00",225
"Mark","male","GB","1.00",1354
"Marlow",NA,"GB",NA,NA
"Martin","male","GB","1.00",528
"Martyn","male","GB","1.00",72
"Mary","female","GB","1.00",263
"Matthew","male","GB","1.00",614
"Maureen","female","GB","1.00",97
"Maurice","male","GB","1.00",27
"Max","male","GB","0.98",126
"Melanie","female","GB","1.00",218
"Mercer",NA,"GB",NA,NA
"Merlyn",NA,"GB",NA,NA
"Mervyn","male","GB","1.00",4
"Michael","male","GB","1.00",1247
"Mick","male","GB","1.00",89
"Mike","male","GB","0.99",512
"Muirhead",NA,"GB",NA,NA
"Nathan","male","GB","1.00",385
"Neal","male","GB","1.00",13
"Neville","male","GB","1.00",42
"Nicholas","male","GB","0.99",137
"Nick","male","GB","1.00",584
"Nicola","female","GB","0.99",431
"Nicolas","male","GB","1.00",57
"Nigel","male","GB","1.00",113
"Norman","male","GB","1.00",49
"Oliver","male","GB","0.99",155
"Oscar","male","GB","0.98",47
"Owen","male","GB","0.99",67
"Pamela","female","GB","1.00",142
"Pat","female","GB","0.69",108
"Patrick","male","GB","1.00",250
"Paul","male","GB","0.99",1349
"Payne",NA,"GB",NA,NA
"Percy","male","GB","1.00",4
"Peter","male","GB","0.99",738
"Phil","male","GB","0.99",291
"Philip","male","GB","0.99",172
"Pratibha",NA,"GB",NA,NA
"Prunella",NA,"GB",NA,NA
"Rachel","female","GB","1.00",805
"Rackstraw",NA,"GB",NA,NA
"Ralph","male","GB","1.00",21
"Rapier",NA,"GB",NA,NA
"Raymond","male","GB","1.00",76
"Rebecca","female","GB","0.99",554
"Reeves",NA,"GB",NA,NA
"Reg","male","GB","1.00",10
"Reiss",NA,"GB",NA,NA
"Rex","male","GB","1.00",5
"Richard","male","GB","1.00",882
"Ridley",NA,"GB",NA,NA
"Robert","male","GB","1.00",633
"Robin","male","GB","0.84",153
"Robyn","female","GB","0.99",78
"Roger","male","GB","0.98",106
"Roland","male","GB","1.00",12
"Ron","male","GB","1.00",64
"Ronald","male","GB","1.00",36
"Rory","male","GB","1.00",69
"Rosalind","female","GB","1.00",22
"Ross","male","GB","0.99",201
"Rowe",NA,"GB",NA,NA
"Rowland","male","GB","1.00",5
"Roy","male","GB","1.00",92
"Russell","male","GB","1.00",99
"Ryan","male","GB","0.99",481
"S","male","GB","1.00",11
"Sally","female","GB","1.00",290
"Sam","male","GB","0.75",858
"Same",NA,"GB",NA,NA
"Samuel","male","GB","1.00",133
"Sandra","female","GB","1.00",218
"Sarah","female","GB","1.00",1739
"Scott","male","GB","1.00",519
"Scottie","male","GB","1.00",3
"Sebastian","male","GB","1.00",55
"Sheila","female","GB","1.00",82
"Simon","male","GB","1.00",764
"Sir","male","GB","1.00",1
"Sister",NA,"GB",NA,NA
"Spencer","male","GB","1.00",33
"Stanley","male","GB","1.00",12
"Stephen","male","GB","1.00",686
"Steve","male","GB","1.00",776
"Steven","male","GB","1.00",470
"Stuart","male","GB","0.99",342
"Studio",NA,"GB",NA,NA
"Su","female","GB","0.80",10
"Sue","female","GB","0.99",510
"Sybil","female","GB","0.67",3
"Sylvia","female","GB","1.00",84
"T",NA,"GB",NA,NA
"Tacita",NA,"GB",NA,NA
"Terence","male","GB","1.00",43
"Terry","male","GB","0.96",200
"Test",NA,"GB",NA,NA
"The",NA,"GB",NA,NA
"Theyre",NA,"GB",NA,NA
"Thomas","male","GB","1.00",354
"Thompson","male","GB","1.00",1
"Throbbing",NA,"GB",NA,NA
"Tim","male","GB","1.00",456
"Tino","male","GB","1.00",20
"Toby","male","GB","0.99",131
"Tom","male","GB","1.00",762
"Tony","male","GB","1.00",501
"Tracey","female","GB","1.00",308
"Trevor","male","GB","1.00",148
"Tristram","male","GB","1.00",3
"Unkn",NA,"GB",NA,NA
"Ursula","female","GB","1.00",7
"Vanessa","female","GB","1.00",188
"Verney",NA,"GB",NA,NA
"Vernon","male","GB","1.00",13
"Vic","female","GB","0.83",12
"Victor","male","GB","0.98",117
"W",NA,"GB",NA,NA
"Walead",NA,"GB",NA,NA
"Wall",NA,"GB",NA,NA
"Walter","male","GB","0.95",20
"Wendela",NA,"GB",NA,NA
"Will","male","GB","0.99",196
"William","male","GB","1.00",240
"Wyndham","male","GB","1.00",1
"Yinka","female","GB","0.83",6
"Zacron",NA,"GB",NA,NA
"Zero",NA,"GB",NA,NA
"Andro",NA,"GE",NA,NA
"Lana",NA,"GE",NA,NA
"Levan","male","GE","1.00",1
"Rouben",NA,"GE",NA,NA
"Tengiz",NA,"GE",NA,NA
"Thea",NA,"GE",NA,NA
"Achilles",NA,"GR",NA,NA
"Athena","female","GR","1.00",1
"Budry",NA,"GR",NA,NA
"Chryssa",NA,"GR",NA,NA
"Constantine",NA,"GR",NA,NA
"Costa","male","GR","1.00",1
"D",NA,"GR",NA,NA
"Giorgio","male","GR","1.00",3
"Jannis","male","GR","1.00",4
"Lucas",NA,"GR",NA,NA
"Nassos",NA,"GR",NA,NA
"Nicos","male","GR","1.00",1
"Nikos","male","GR","1.00",174
"Pavlos","male","GR","1.00",6
"Polygnotos",NA,"GR",NA,NA
"Takis","male","GR","1.00",10
"Théo",NA,"GR",NA,NA
"Paul","male","HK","1.00",12
"Arsen",NA,"HR",NA,NA
"Dalibor","male","HR","1.00",6
"David","male","HR","1.00",3
"Davor","male","HR","1.00",15
"Ivana","female","HR","1.00",92
"Josip","male","HR","1.00",25
"Mangelos",NA,"HR",NA,NA
"Mladen","male","HR","1.00",12
"Sanja","female","HR","1.00",12
"Tomislav","male","HR","1.00",35
"Alexander",NA,"HU",NA,NA
"Alfred",NA,"HU",NA,NA
"András",NA,"HU",NA,NA
"André",NA,"HU",NA,NA
"Antoine",NA,"HU",NA,NA
"Arnold","male","HU","1.00",1
"Bela","male","HU","1.00",8
"Bernard",NA,"HU",NA,NA
"Bertalan",NA,"HU",NA,NA
"Cornell",NA,"HU",NA,NA
"Dóra",NA,"HU",NA,NA
"Endre","male","HU","1.00",3
"Ernö",NA,"HU",NA,NA
"Etienne",NA,"HU",NA,NA
"Eva","female","HU","1.00",14
"Farkas","male","HU","0.75",4
"Francis",NA,"HU",NA,NA
"Gabor","male","HU","1.00",29
"George",NA,"HU",NA,NA
"Gusztáv",NA,"HU",NA,NA
"Gyula","male","HU","1.00",1
"György",NA,"HU",NA,NA
"Imre","male","HU","0.75",4
"István",NA,"HU",NA,NA
"Josef",NA,"HU",NA,NA
"Jozsef","male","HU","1.00",8
"Judit","female","HU","1.00",29
"József",NA,"HU",NA,NA
"Lajos","male","HU","1.00",5
"Lucien",NA,"HU",NA,NA
"László",NA,"HU",NA,NA
"Marcel",NA,"HU",NA,NA
"Martin",NA,"HU",NA,NA
"Mihály",NA,"HU",NA,NA
"Miklos","male","HU","1.00",5
"Nicholas",NA,"HU",NA,NA
"Nickolas",NA,"HU",NA,NA
"Peter","male","HU","0.95",19
"Péter",NA,"HU",NA,NA
"Rita","female","HU","1.00",6
"Robert","male","HU","1.00",8
"Rogi",NA,"HU",NA,NA
"Simon","female","HU","0.50",4
"Sylvia",NA,"HU",NA,NA
"Thomaz",NA,"HU",NA,NA
"Tibor","male","HU","1.00",14
"Tihamér",NA,"HU",NA,NA
"Victor",NA,"HU",NA,NA
"Vilmos",NA,"HU",NA,NA
"Yona",NA,"HU",NA,NA
"Zoltan","male","HU","1.00",18
"Garin",NA,"ID",NA,NA
"Cathy",NA,"IE",NA,NA
"Eva",NA,"IE",NA,NA
"Fergus",NA,"IE",NA,NA
"Francis",NA,"IE",NA,NA
"Ian",NA,"IE",NA,NA
"Jim",NA,"IE",NA,NA
"John",NA,"IE",NA,NA
"Kenneth",NA,"IE",NA,NA
"Pat",NA,"IE",NA,NA
"Patrick","male","IE","1.00",1
"Roderic",NA,"IE",NA,NA
"Sean",NA,"IE",NA,NA
"Stefana",NA,"IE",NA,NA
"Timothy",NA,"IE",NA,NA
"Willie",NA,"IE",NA,NA
"Agam",NA,"IL",NA,NA
"Amos","male","IL","1.00",4
"Anna","female","IL","1.00",6
"Barry",NA,"IL",NA,NA
"Benni",NA,"IL",NA,NA
"Bezalel",NA,"IL",NA,NA
"David","male","IL","1.00",21
"Elad","male","IL","1.00",15
"Elinor","female","IL","1.00",1
"Esti","female","IL","1.00",2
"Ezra",NA,"IL",NA,NA
"Gabi","female","IL","0.50",2
"Guy","male","IL","1.00",13
"Igael",NA,"IL",NA,NA
"Irit","female","IL","1.00",5
"Isidora",NA,"IL",NA,NA
"Izhar","male","IL","1.00",1
"Izika",NA,"IL",NA,NA
"Jacob","male","IL","1.00",11
"Jakob",NA,"IL",NA,NA
"Marcel",NA,"IL",NA,NA
"Mati",NA,"IL",NA,NA
"Menashe","male","IL","1.00",2
"Micha","male","IL","1.00",2
"Michael","male","IL","1.00",17
"Michal","female","IL","1.00",16
"Mika",NA,"IL",NA,NA
"Mordechai","male","IL","1.00",1
"Moshe","male","IL","0.94",16
"Munio",NA,"IL",NA,NA
"Nachume",NA,"IL",NA,NA
"Nahum",NA,"IL",NA,NA
"Naomi",NA,"IL",NA,NA
"Oded","male","IL","1.00",1
"Pinchas",NA,"IL",NA,NA
"Revital","female","IL","1.00",7
"Ron","male","IL","0.88",8
"Schlomo",NA,"IL",NA,NA
"Serge",NA,"IL",NA,NA
"Shalom","male","IL","1.00",2
"Shay","male","IL","0.90",10
"Sigalit",NA,"IL",NA,NA
"Tirtza",NA,"IL",NA,NA
"William",NA,"IL",NA,NA
"Yael","female","IL","1.00",12
"Yarom",NA,"IL",NA,NA
"Yaron","male","IL","0.83",6
"Yehudit","female","IL","1.00",1
"Yoram","male","IL","1.00",4
"Zadok",NA,"IL",NA,NA
"Zvi","male","IL","1.00",1
"Zwi",NA,"IL",NA,NA
"Acharya",NA,"IN",NA,NA
"Adoor",NA,"IN",NA,NA
"Anish",NA,"IN",NA,NA
"Bhupen",NA,"IN",NA,NA
"Hermann",NA,"IN",NA,NA
"Jyoti",NA,"IN",NA,NA
"Krishen",NA,"IN",NA,NA
"Manish","male","IN","1.00",2
"Mira",NA,"IN",NA,NA
"Mohan","male","IN","1.00",1
"N",NA,"IN",NA,NA
"Nalini",NA,"IN",NA,NA
"Nasreen",NA,"IN",NA,NA
"Raghubir",NA,"IN",NA,NA
"Rajesh",NA,"IN",NA,NA
"Ranjani",NA,"IN",NA,NA
"Raqib",NA,"IN",NA,NA
"Sandeep","male","IN","1.00",1
"Sanjeev",NA,"IN",NA,NA
"Satish",NA,"IN",NA,NA
"Shambhavi",NA,"IN",NA,NA
"Sidharth",NA,"IN",NA,NA
"Vasudeo",NA,"IN",NA,NA
"Vijay","male","IN","1.00",2
"Yusuf",NA,"IN",NA,NA
"Zarina",NA,"IN",NA,NA
"Abbas","male","IR","1.00",1
"Ali","male","IR","1.00",8
"Bahman",NA,"IR",NA,NA
"Faramarz",NA,"IR",NA,NA
"Granaz",NA,"IR",NA,NA
"Hossein","male","IR","1.00",4
"Kambozia",NA,"IR",NA,NA
"Mani",NA,"IR",NA,NA
"Manijeh",NA,"IR",NA,NA
"Mehrdad","male","IR","1.00",1
"Mohammad","male","IR","1.00",7
"Mohsen","male","IR","1.00",2
"Morteza","male","IR","1.00",1
"Naghi",NA,"IR",NA,NA
"Natascha",NA,"IR",NA,NA
"Shirana",NA,"IR",NA,NA
"Shirazeh",NA,"IR",NA,NA
"Shirin",NA,"IR",NA,NA
"Tala",NA,"IR",NA,NA
"CCP",NA,"IS",NA,NA
"Erro",NA,"IS",NA,NA
"Jóhanna",NA,"IS",NA,NA
"Jóhannes",NA,"IS",NA,NA
"Nina","female","IS","1.00",1
"Ragnar",NA,"IS",NA,NA
"Steina",NA,"IS",NA,NA
"Svavar","male","IS","1.00",2
"A",NA,"IT",NA,NA
"Achille","male","IT","1.00",7
"Adolpho",NA,"IT",NA,NA
"Afro",NA,"IT",NA,NA
"Agenore",NA,"IT",NA,NA
